date;RACE
2015-10-21;51.57948303222656
2015-10-22;53.220645904541016
2015-10-23;52.8736572265625
2015-10-26;51.59823989868164
2015-10-27;50.500999450683594
2015-10-28;48.644134521484375
2015-10-29;47.84700012207031
2015-10-30;47.29369354248047
2015-11-02;49.77888870239258
2015-11-03;49.12242889404297
2015-11-04;50.11650085449219
2015-11-05;48.5222282409668
2015-11-06;49.169315338134766
2015-11-09;49.89142608642578
2015-11-10;50.64167785644531
2015-11-11;50.960533142089844
2015-11-12;50.754207611083984
2015-11-13;48.203372955322266
2015-11-16;46.43091583251953
2015-11-17;45.93387222290039
2015-11-18;44.339595794677734
2015-11-19;44.63969421386719
2015-11-20;45.089847564697266
2015-11-23;43.13920593261719
2015-11-24;43.401790618896484
2015-11-25;42.820343017578125
2015-11-27;43.19546890258789
2015-11-30;43.467430114746094
2015-12-01;44.67720413208008
2015-12-02;44.27395248413086
2015-12-03;44.13328170776367
2015-12-04;45.53061294555664
2015-12-07;45.00543975830078
2015-12-08;44.658447265625
2015-12-09;44.78036880493164
2015-12-10;45.93387222290039
2015-12-11;45.75568771362305
2015-12-14;44.0113639831543
2015-12-15;44.59280776977539
2015-12-16;45.483726501464844
2015-12-17;44.52716064453125
2015-12-18;43.4768180847168
2015-12-21;44.461509704589844
2015-12-22;43.720645904541016
2015-12-23;44.12390899658203
2015-12-24;43.84255599975586
2015-12-28;43.542457580566406
2015-12-29;44.94916915893555
2015-12-30;45.39931869506836
2015-12-31;45.014827728271484
2016-01-04;44.44275665283203
2016-01-05;45.474342346191406
2016-01-06;44.14265823364258
2016-01-07;43.748779296875
2016-01-08;40.42893600463867
2016-01-11;40.68214797973633
2016-01-12;40.944732666015625
2016-01-13;40.016300201416016
2016-01-14;39.37858963012695
2016-01-15;37.531105041503906
2016-01-19;39.078487396240234
2016-01-20;37.4185676574707
2016-01-21;38.01876449584961
2016-01-22;39.24729919433594
2016-01-25;37.7374267578125
2016-01-26;38.872169494628906
2016-01-27;38.08441162109375
2016-01-28;37.47483444213867
2016-01-29;37.29664993286133
2016-02-01;37.44670486450195
2016-02-02;32.80454635620117
2016-02-03;34.7833251953125
2016-02-04;36.46200942993164
2016-02-05;35.355384826660156
2016-02-08;33.71422576904297
2016-02-09;31.847984313964844
2016-02-10;31.200897216796875
2016-02-11;30.00988006591797
2016-02-12;32.02616882324219
2016-02-16;33.43288803100586
2016-02-17;36.66831970214844
2016-02-18;36.34946823120117
2016-02-19;36.11500930786133
2016-02-22;37.456077575683594
2016-02-23;36.51827621459961
2016-02-24;36.17128372192383
2016-02-25;36.2932014465332
2016-02-26;36.0681266784668
2016-02-29;35.61796951293945
2016-03-01;37.0340690612793
2016-03-02;37.08095932006836
2016-03-03;36.949668884277344
2016-03-04;37.268524169921875
2016-03-07;38.075035095214844
2016-03-08;38.65647888183594
2016-03-09;39.416099548339844
2016-03-10;38.984710693359375
2016-03-11;40.11008071899414
2016-03-14;39.42548370361328
2016-03-15;38.834659576416016
2016-03-16;39.63179397583008
2016-03-17;40.053810119628906
2016-03-18;39.763092041015625
2016-03-21;39.42548370361328
2016-03-22;39.06911087036133
2016-03-23;38.15005874633789
2016-03-24;38.5908317565918
2016-03-28;38.54393768310547
2016-03-29;38.93781280517578
2016-03-30;39.678688049316406
2016-03-31;39.10662841796875
2016-04-01;38.497047424316406
2016-04-04;38.5908317565918
2016-04-05;37.74679946899414
2016-04-06;38.81590270996094
2016-04-07;38.121925354003906
2016-04-08;38.57207107543945
2016-04-11;38.80652618408203
2016-04-12;38.76900863647461
2016-04-13;39.34107971191406
2016-04-14;39.83811950683594
2016-04-15;41.235450744628906
2016-04-18;41.188560485839844
2016-04-19;41.985694885253906
2016-04-20;41.73249053955078
2016-04-21;40.9072151184082
2016-04-22;40.30701446533203
2016-04-25;40.288265228271484
2016-04-26;41.319854736328125
2016-04-27;41.226070404052734
2016-04-28;42.20138931274414
2016-04-29;42.99852752685547
2016-05-02;41.7606201171875
2016-05-03;41.21669387817383
2016-05-04;41.197933197021484
2016-05-05;40.260135650634766
2016-05-06;40.54147720336914
2016-05-09;40.25074768066406
2016-05-10;40.729034423828125
2016-05-11;40.47582244873047
2016-05-12;40.447689056396484
2016-05-13;40.93535232543945
2016-05-16;40.9072151184082
2016-05-17;39.46299362182617
2016-05-18;39.237918853759766
2016-05-19;38.0000114440918
2016-05-20;38.47829055786133
2016-05-23;38.0850944519043
2016-05-24;39.2532958984375
2016-05-25;39.88962173461914
2016-05-26;39.794654846191406
2016-05-27;39.870628356933594
2016-05-31;40.29801940917969
2016-06-01;40.402496337890625
2016-06-02;41.34274673461914
2016-06-03;41.01033020019531
2016-06-06;40.82038116455078
2016-06-07;42.07405471801758
2016-06-08;41.504207611083984
2016-06-09;41.31425094604492
2016-06-10;40.041587829589844
2016-06-13;39.30078125
2016-06-14;39.08233642578125
2016-06-15;39.557212829589844
2016-06-16;39.31977462768555
2016-06-17;40.02259063720703
2016-06-20;40.848876953125
2016-06-21;40.45948028564453
2016-06-22;40.051082611083984
2016-06-23;41.5801887512207
2016-06-24;38.550472259521484
2016-06-27;36.9264030456543
2016-06-28;38.0850944519043
2016-06-29;38.07559585571289
2016-06-30;38.87339401245117
2016-07-01;39.395751953125
2016-07-05;37.98062515258789
2016-07-06;38.07559585571289
2016-07-07;37.5532341003418
2016-07-08;39.177310943603516
2016-07-11;39.91811752319336
2016-07-12;40.43098831176758
2016-07-13;39.96561050415039
2016-07-14;40.6589241027832
2016-07-15;40.24103546142578
2016-07-18;40.089073181152344
2016-07-19;40.02259063720703
2016-07-20;40.02259063720703
2016-07-21;40.53546142578125
2016-07-22;40.763397216796875
2016-07-25;41.285762786865234
2016-07-26;41.40922927856445
2016-07-27;42.52043914794922
2016-07-28;41.969581604003906
2016-07-29;42.90034103393555
2016-08-01;43.47969055175781
2016-08-02;44.17300796508789
2016-08-03;44.53391647338867
2016-08-04;44.31547927856445
2016-08-05;44.52442169189453
2016-08-08;45.0657844543457
2016-08-09;45.075279235839844
2016-08-10;45.54065704345703
2016-08-11;45.6356315612793
2016-08-12;45.9775390625
2016-08-15;46.23397445678711
2016-08-16;45.52165603637695
2016-08-17;45.94905471801758
2016-08-18;46.21498489379883
2016-08-19;45.96805191040039
2016-08-22;45.9775390625
2016-08-23;46.64237594604492
2016-08-24;46.09151077270508
2016-08-25;45.96805191040039
2016-08-26;46.290958404541016
2016-08-29;46.2244758605957
2016-08-30;46.11050796508789
2016-08-31;45.72111129760742
2016-09-01;45.89207077026367
2016-09-02;46.06302261352539
2016-09-06;46.2244758605957
2016-09-07;47.25970458984375
2016-09-08;46.984283447265625
2016-09-09;45.77809524536133
2016-09-12;46.19599151611328
2016-09-13;45.18925094604492
2016-09-14;45.08477783203125
2016-09-15;45.4456787109375
2016-09-16;44.30598068237305
2016-09-19;45.33171081542969
2016-09-20;45.17974853515625
2016-09-21;46.632869720458984
2016-09-22;47.99102020263672
2016-09-23;47.69660186767578
2016-09-26;47.810569763183594
2016-09-27;47.60162353515625
2016-09-28;48.90279006958008
2016-09-29;48.218963623046875
2016-09-30;49.2636833190918
2016-10-03;49.44414138793945
2016-10-04;50.02349090576172
2016-10-05;50.94474792480469
2016-10-06;50.4793815612793
2016-10-07;50.80228805541992
2016-10-10;51.13470458984375
2016-10-11;50.64082717895508
2016-10-12;50.8212776184082
2016-10-13;49.87152862548828
2016-10-14;50.07097625732422
2016-10-17;49.58660125732422
2016-10-18;49.767059326171875
2016-10-19;49.909515380859375
2016-10-20;50.12796401977539
2016-10-21;49.957008361816406
2016-10-24;50.57434844970703
2016-10-25;50.346405029296875
2016-10-26;50.441383361816406
2016-10-27;50.33690643310547
2016-10-28;50.21343994140625
2016-10-31;50.118465423583984
2016-11-01;48.73182678222656
2016-11-02;48.73182678222656
2016-11-03;47.962528228759766
2016-11-04;48.50388717651367
2016-11-07;52.13194274902344
2016-11-08;51.68556594848633
2016-11-09;51.48611068725586
2016-11-10;50.840274810791016
2016-11-11;51.73305130004883
2016-11-14;50.58384323120117
2016-11-15;51.37214279174805
2016-11-16;50.783294677734375
2016-11-17;50.61233901977539
2016-11-18;50.108970642089844
2016-11-21;50.745304107666016
2016-11-22;51.58108901977539
2016-11-23;51.001739501953125
2016-11-25;52.0274658203125
2016-11-28;51.06821823120117
2016-11-29;51.98948669433594
2016-11-30;51.400630950927734
2016-12-01;51.73305130004883
2016-12-02;51.37214279174805
2016-12-05;52.79676818847656
2016-12-06;53.22415542602539
2016-12-07;54.088436126708984
2016-12-08;53.91748046875
2016-12-09;54.02194595336914
2016-12-12;54.002952575683594
2016-12-13;54.886226654052734
2016-12-14;54.96220397949219
2016-12-15;55.21864318847656
2016-12-16;55.418087005615234
2016-12-19;55.722007751464844
2016-12-20;55.655521392822266
2016-12-21;55.11416244506836
2016-12-22;54.8387451171875
2016-12-23;55.39909744262695
2016-12-27;55.36110305786133
2016-12-28;54.84823989868164
2016-12-29;54.886226654052734
2016-12-30;55.21864318847656
2017-01-03;55.97844314575195
2017-01-04;56.424827575683594
2017-01-05;56.37733840942383
2017-01-06;55.97844314575195
2017-01-09;55.35160446166992
2017-01-10;56.01642990112305
2017-01-11;56.424827575683594
2017-01-12;56.30135726928711
2017-01-13;56.82372283935547
2017-01-17;56.8142204284668
2017-01-18;56.89020538330078
2017-01-19;57.422061920166016
2017-01-20;57.31759262084961
2017-01-23;58.01091384887695
2017-01-24;59.530517578125
2017-01-25;59.41654968261719
2017-01-26;58.75172424316406
2017-01-27;58.89418029785156
2017-01-30;57.87794494628906
2017-01-31;59.00815200805664
2017-02-01;59.01764678955078
2017-02-02;61.36354446411133
2017-02-03;62.39876937866211
2017-02-06;61.33504867553711
2017-02-07;61.259063720703125
2017-02-08;61.923892974853516
2017-02-09;61.515499114990234
2017-02-10;61.94289016723633
2017-02-13;62.845149993896484
2017-02-14;62.86415481567383
2017-02-15;62.693199157714844
2017-02-16;62.7216911315918
2017-02-17;62.29430389404297
2017-02-21;62.2848014831543
2017-02-22;62.569725036621094
2017-02-23;62.37028503417969
2017-02-24;61.819419860839844
2017-02-27;62.51274108886719
2017-02-28;61.79092788696289
2017-03-01;62.56023406982422
2017-03-02;62.655208587646484
2017-03-03;62.940120697021484
2017-03-06;61.93339157104492
2017-03-07;62.29430389404297
2017-03-08;62.18982696533203
2017-03-09;61.8953971862793
2017-03-10;62.427276611328125
2017-03-13;63.00661849975586
2017-03-14;62.978118896484375
2017-03-15;64.45024108886719
2017-03-16;65.85587310791016
2017-03-17;64.99159240722656
2017-03-20;64.58319091796875
2017-03-21;63.718929290771484
2017-03-22;64.75416564941406
2017-03-23;67.16653442382812
2017-03-24;67.98332214355469
2017-03-27;70.2152328491211
2017-03-28;71.0985107421875
2017-03-29;71.0890121459961
2017-03-30;70.70909881591797
2017-03-31;70.6236343383789
2017-04-03;70.01580047607422
2017-04-04;69.90181732177734
2017-04-05;68.78111267089844
2017-04-06;68.96155548095703
2017-04-07;68.27774810791016
2017-04-10;68.31572723388672
2017-04-11;68.23025512695312
2017-04-12;68.0593032836914
2017-04-13;67.0810546875
2017-04-17;67.73638153076172
2017-04-18;67.04306030273438
2017-04-19;67.67939758300781
2017-04-20;67.81236267089844
2017-04-21;67.26150512695312
2017-04-24;70.3311767578125
2017-04-25;71.10794830322266
2017-04-26;71.82718658447266
2017-04-27;72.51765441894531
2017-04-28;72.1148681640625
2017-05-01;72.60395812988281
2017-05-02;72.46009826660156
2017-05-03;72.90123748779297
2017-05-04;78.1180419921875
2017-05-05;79.0962142944336
2017-05-08;79.32635498046875
2017-05-09;80.99496459960938
2017-05-10;80.55384063720703
2017-05-11;79.5757064819336
2017-05-12;80.67850494384766
2017-05-15;81.41692352294922
2017-05-16;81.1196517944336
2017-05-17;79.37431335449219
2017-05-18;80.76482391357422
2017-05-19;79.91133117675781
2017-05-22;80.88949584960938
2017-05-23;81.31144714355469
2017-05-24;81.59912872314453
2017-05-25;82.18409729003906
2017-05-26;81.9923095703125
2017-05-30;81.98271942138672
2017-05-31;83.16226196289062
2017-06-01;84.96513366699219
2017-06-02;86.87348937988281
2017-06-05;86.72964477539062
2017-06-06;86.7967758178711
2017-06-07;86.85431671142578
2017-06-08;88.08179473876953
2017-06-09;85.78025817871094
2017-06-12;84.15001678466797
2017-06-13;84.57195281982422
2017-06-14;84.7925033569336
2017-06-15;83.95821380615234
2017-06-16;84.41851806640625
2017-06-19;86.09672546386719
2017-06-20;85.09938049316406
2017-06-21;85.5213394165039
2017-06-22;85.72271728515625
2017-06-23;85.5213394165039
2017-06-26;85.18569946289062
2017-06-27;83.7280502319336
2017-06-28;84.16917419433594
2017-06-29;82.4238510131836
2017-06-30;82.49098205566406
2017-07-03;82.28959655761719
2017-07-05;82.7499008178711
2017-07-06;82.18409729003906
2017-07-07;82.55810546875
2017-07-10;84.87882232666016
2017-07-11;86.87348937988281
2017-07-12;89.06954193115234
2017-07-13;88.9544677734375
2017-07-14;90.0477066040039
2017-07-17;89.90385437011719
2017-07-18;91.24641418457031
2017-07-19;93.61508178710938
2017-07-20;95.88784790039062
2017-07-21;95.91661834716797
2017-07-24;97.45098114013672
2017-07-25;97.24000549316406
2017-07-26;101.08549499511719
2017-07-27;99.77169799804688
2017-07-28;101.43071746826172
2017-07-31;100.87451934814453
2017-08-01;103.87611389160156
2017-08-02;105.93789672851562
2017-08-03;103.8952865600586
2017-08-04;104.67205810546875
2017-08-07;106.02420806884766
2017-08-08;106.12010955810547
2017-08-09;106.69548797607422
2017-08-10;104.21174621582031
2017-08-11;103.16647338867188
2017-08-14;105.5351333618164
2017-08-15;105.73653411865234
2017-08-16;106.39820098876953
2017-08-17;104.76795196533203
2017-08-18;106.95441436767578
2017-08-21;108.22026062011719
2017-08-22;110.45467376708984
2017-08-23;110.87662506103516
2017-08-24;109.48609924316406
2017-08-25;109.32307434082031
2017-08-28;109.1600570678711
2017-08-29;109.09292602539062
2017-08-30;109.89846801757812
2017-08-31;109.79297637939453
2017-09-01;111.96985626220703
2017-09-05;111.39447021484375
2017-09-06;112.05615234375
2017-09-07;104.13502502441406
2017-09-08;104.87344360351562
2017-09-11;106.90647888183594
2017-09-12;105.42964935302734
2017-09-13;104.33642578125
2017-09-14;104.74877166748047
2017-09-15;105.5351333618164
2017-09-18;107.72160339355469
2017-09-19;108.83399963378906
2017-09-20;108.37369537353516
2017-09-21;108.91072845458984
2017-09-22;108.8148193359375
2017-09-25;105.6214370727539
2017-09-26;104.50904083251953
2017-09-27;106.04340362548828
2017-09-28;105.51595306396484
2017-09-29;105.9474868774414
2017-10-02;107.81748962402344
2017-10-03;109.63953399658203
2017-10-04;109.7546157836914
2017-10-05;108.52713012695312
2017-10-06;107.98052215576172
2017-10-09;110.1190414428711
2017-10-10;110.92456817626953
2017-10-11;111.73968505859375
2017-10-12;111.32733917236328
2017-10-13;110.24370574951172
2017-10-16;112.01779174804688
2017-10-17;111.02046203613281
2017-10-18;111.7780532836914
2017-10-19;111.15471649169922
2017-10-20;109.89846801757812
2017-10-23;109.04498291015625
2017-10-24;109.88887023925781
2017-10-25;110.0135498046875
2017-10-26;110.34918212890625
2017-10-27;110.84783935546875
2017-10-30;112.37261962890625
2017-10-31;114.77005767822266
2017-11-01;115.0769271850586
2017-11-02;112.30548858642578
2017-11-03;112.61235809326172
2017-11-06;112.43975830078125
2017-11-07;110.17656707763672
2017-11-08;108.17231750488281
2017-11-09;104.95014953613281
2017-11-10;105.06523132324219
2017-11-13;105.90914154052734
2017-11-14;105.40088653564453
2017-11-15;104.05831909179688
2017-11-16;105.50636291503906
2017-11-17;104.69124603271484
2017-11-20;105.65979766845703
2017-11-21;106.91606140136719
2017-11-22;107.2325210571289
2017-11-24;109.04498291015625
2017-11-27;107.21334075927734
2017-11-28;107.117431640625
2017-11-29;103.95282745361328
2017-11-30;104.14461517333984
2017-12-01;103.06097412109375
2017-12-04;100.05938720703125
2017-12-05;99.8963623046875
2017-12-06;100.27996063232422
2017-12-07;100.33748626708984
2017-12-08;101.49784851074219
2017-12-11;102.0732421875
2017-12-12;102.27462005615234
2017-12-13;101.4594955444336
2017-12-14;100.71148681640625
2017-12-15;100.09774780273438
2017-12-18;102.33216094970703
2017-12-19;101.14303588867188
2017-12-20;101.22933197021484
2017-12-21;101.85266876220703
2017-12-22;102.16913604736328
2017-12-26;102.59107971191406
2017-12-27;102.41845703125
2017-12-28;102.37052154541016
2017-12-29;100.53886413574219
2018-01-02;100.8361587524414
2018-01-03;102.77328491210938
2018-01-04;106.74343872070312
2018-01-05;107.52980041503906
2018-01-08;108.8627700805664
2018-01-09;109.62995910644531
2018-01-10;109.58200073242188
2018-01-11;112.35343170166016
2018-01-12;113.00553894042969
2018-01-16;112.73703002929688
2018-01-17;114.54948425292969
2018-01-18;114.48236083984375
2018-01-19;115.9975357055664
2018-01-22;116.3907241821289
2018-01-23;114.05081939697266
2018-01-24;114.02204895019531
2018-01-25;113.36036682128906
2018-01-26;115.03856658935547
2018-01-29;113.84944152832031
2018-01-30;113.24527740478516
2018-01-31;114.5974349975586
2018-02-01;122.93093872070312
2018-02-02;121.92400360107422
2018-02-05;116.46743774414062
2018-02-06;121.69386291503906
2018-02-07;118.98954772949219
2018-02-08;114.71251678466797
2018-02-09;115.30709075927734
2018-02-12;117.52232360839844
2018-02-13;118.69225311279297
2018-02-14;120.7156982421875
2018-02-15;123.80360412597656
2018-02-16;124.38858032226562
2018-02-20;123.1323013305664
2018-02-21;122.75831604003906
2018-02-22;121.51165771484375
2018-02-23;124.24472045898438
2018-02-26;123.99539184570312
2018-02-27;120.84036254882812
2018-02-28;119.11421203613281
2018-03-01;116.54415130615234
2018-03-02;116.14138793945312
2018-03-05;116.51539611816406
2018-03-06;117.714111328125
2018-03-07;119.60327911376953
2018-03-08;118.74020385742188
2018-03-09;119.59369659423828
2018-03-12;119.21969604492188
2018-03-13;118.04975891113281
2018-03-14;117.234619140625
2018-03-15;117.75247192382812
2018-03-16;116.93734741210938
2018-03-19;116.28524017333984
2018-03-20;116.6880111694336
2018-03-21;118.46210479736328
2018-03-22;115.47969818115234
2018-03-23;113.53297424316406
2018-03-26;116.33318328857422
2018-03-27;114.78923797607422
2018-03-28;114.71251678466797
2018-03-29;115.5755844116211
2018-04-02;112.69866180419922
2018-04-03;115.66190338134766
2018-04-04;115.49887084960938
2018-04-05;116.36195373535156
2018-04-06;115.79615783691406
2018-04-09;115.2591323852539
2018-04-10;117.10037231445312
2018-04-11;115.48929595947266
2018-04-12;117.01405334472656
2018-04-13;117.40724182128906
2018-04-16;117.96343994140625
2018-04-17;120.09236145019531
2018-04-18;119.68000793457031
2018-04-19;118.13605499267578
2018-04-20;117.64698028564453
2018-04-23;117.71651458740234
2018-04-24;118.55680084228516
2018-04-25;118.6244125366211
2018-04-26;118.77894592285156
2018-04-27;117.82276153564453
2018-04-30;118.48919677734375
2018-05-01;118.29602813720703
2018-05-02;121.51226043701172
2018-05-03;126.51533508300781
2018-05-04;132.63873291015625
2018-05-07;135.59420776367188
2018-05-08;132.09786987304688
2018-05-09;131.0064697265625
2018-05-10;130.93885803222656
2018-05-11;131.40245056152344
2018-05-14;130.5814971923828
2018-05-15;129.31626892089844
2018-05-16;129.2679443359375
2018-05-17;129.16172790527344
2018-05-18;128.00271606445312
2018-05-21;129.4901123046875
2018-05-22;127.93509674072266
2018-05-23;126.82438659667969
2018-05-24;126.94994354248047
2018-05-25;126.70848083496094
2018-05-29;122.6809310913086
2018-05-30;125.80058288574219
2018-05-31;126.8630142211914
2018-06-01;128.3600616455078
2018-06-04;127.73226165771484
2018-06-05;131.8274383544922
2018-06-06;134.69598388671875
2018-06-07;131.78880310058594
2018-06-08;131.71151733398438
2018-06-11;134.32894897460938
2018-06-12;135.83566284179688
2018-06-13;139.0422821044922
2018-06-14;144.2288360595703
2018-06-15;143.81349182128906
2018-06-18;142.7607421875
2018-06-19;140.48135375976562
2018-06-20;138.31790161132812
2018-06-21;136.08677673339844
2018-06-22;134.7152862548828
2018-06-25;132.22341918945312
2018-06-26;132.44558715820312
2018-06-27;130.56216430664062
2018-06-28;130.43663024902344
2018-06-29;130.39797973632812
2018-07-02;130.533203125
2018-07-03;129.3645477294922
2018-07-05;131.2962188720703
2018-07-06;130.73602294921875
2018-07-09;131.72119140625
2018-07-10;132.99609375
2018-07-11;131.55699157714844
2018-07-12;134.88914489746094
2018-07-13;137.64178466796875
2018-07-16;137.14920043945312
2018-07-17;138.7718048095703
2018-07-18;138.14404296875
2018-07-19;137.6514434814453
2018-07-20;135.21754455566406
2018-07-23;131.8274383544922
2018-07-24;128.6981201171875
2018-07-25;129.9247283935547
2018-07-26;127.13347625732422
2018-07-27;127.1044921875
2018-07-30;126.04205322265625
2018-07-31;128.08963012695312
2018-08-01;113.96906280517578
2018-08-02;121.86962127685547
2018-08-03;120.57540130615234
2018-08-06;119.75444030761719
2018-08-07;120.85549926757812
2018-08-08;121.54124450683594
2018-08-09;119.59990692138672
2018-08-10;116.50920867919922
2018-08-13;117.83241271972656
2018-08-14;116.8665771484375
2018-08-15;115.15705108642578
2018-08-16;116.3836669921875
2018-08-17;116.67340850830078
2018-08-20;119.13629150390625
2018-08-21;122.0145034790039
2018-08-22;120.81685638427734
2018-08-23;120.52711486816406
2018-08-24;123.16385650634766
2018-08-27;123.82061767578125
2018-08-28;125.59777069091797
2018-08-29;129.61566162109375
2018-08-30;128.3890380859375
2018-08-31;126.61190032958984
2018-09-04;124.1876449584961
2018-09-05;122.76786041259766
2018-09-06;122.11109924316406
2018-09-07;122.52639770507812
2018-09-10;122.41049194335938
2018-09-11;125.1148452758789
2018-09-12;128.2538299560547
2018-09-13;128.8912811279297
2018-09-14;127.62601470947266
2018-09-17;128.26348876953125
2018-09-18;133.5949249267578
2018-09-19;131.17066955566406
2018-09-20;132.60011291503906
2018-09-21;132.77395629882812
2018-09-24;134.25169372558594
2018-09-25;134.29031372070312
2018-09-26;135.9805450439453
2018-09-27;135.40106201171875
2018-09-28;132.23309326171875
2018-10-01;133.063720703125
2018-10-02;132.87054443359375
2018-10-03;131.17066955566406
2018-10-04;128.5146026611328
2018-10-05;127.76124572753906
2018-10-08;125.25005340576172
2018-10-09;124.54499816894531
2018-10-10;113.6116943359375
2018-10-11;111.59309387207031
2018-10-12;112.32713317871094
2018-10-15;111.0811996459961
2018-10-16;117.5909652709961
2018-10-17;114.8672866821289
2018-10-18;110.34716796875
2018-10-19;112.52996826171875
2018-10-22;112.30782318115234
2018-10-23;111.34198760986328
2018-10-24;107.97119140625
2018-10-25;111.43856048583984
2018-10-26;112.20156860351562
2018-10-29;111.09085845947266
2018-10-30;112.30782318115234
2018-10-31;113.10945892333984
2018-11-01;115.88142395019531
2018-11-02;115.4468002319336
2018-11-05;113.56341552734375
2018-11-06;112.02772521972656
2018-11-07;112.10498809814453
2018-11-08;110.29887390136719
2018-11-09;106.3099594116211
2018-11-12;102.78462982177734
2018-11-13;105.86567687988281
2018-11-14;107.01502227783203
2018-11-15;107.9808578491211
2018-11-16;106.95706939697266
2018-11-19;105.10265350341797
2018-11-20;101.64494323730469
2018-11-21;103.08405303955078
2018-11-23;103.01644897460938
2018-11-26;105.4889907836914
2018-11-27;101.19100189208984
2018-11-28;104.62940216064453
2018-11-29;105.47933197021484
2018-11-30;105.85601043701172
2018-12-03;107.86495971679688
2018-12-04;104.66803741455078
2018-12-06;103.85671997070312
2018-12-07;101.25860595703125
2018-12-10;101.34554290771484
2018-12-11;101.37451171875
2018-12-12;101.81880187988281
2018-12-13;100.54389190673828
2018-12-14;98.02304077148438
2018-12-17;96.52599334716797
2018-12-18;97.35663604736328
2018-12-19;98.93094635009766
2018-12-20;98.05201721191406
2018-12-21;94.80680084228516
2018-12-24;92.68196868896484
2018-12-26;94.93236541748047
2018-12-27;96.34249114990234
2018-12-28;95.03860473632812
2018-12-31;96.04308319091797
2019-01-02;95.32836151123047
2019-01-03;93.66710662841797
2019-01-04;98.7377700805664
2019-01-07;100.91091918945312
2019-01-08;104.87085723876953
2019-01-09;107.3917007446289
2019-01-10;107.00535583496094
2019-01-11;107.05364990234375
2019-01-14;107.09227752685547
2019-01-15;108.53138732910156
2019-01-16;109.26542663574219
2019-01-17;109.82561492919922
2019-01-18;109.41996002197266
2019-01-22;107.8746109008789
2019-01-23;106.43550109863281
2019-01-24;108.55069732666016
2019-01-25;107.43998718261719
2019-01-28;106.64800262451172
2019-01-29;106.7735595703125
2019-01-30;108.8404541015625
2019-01-31;121.98552703857422
2019-02-01;122.78717803955078
2019-02-04;122.87409973144531
2019-02-05;122.93206024169922
2019-02-06;122.62297821044922
2019-02-07;120.33393859863281
2019-02-08;120.03453063964844
2019-02-11;119.28118133544922
2019-02-12;122.1207504272461
2019-02-13;120.97139739990234
2019-02-14;120.78788757324219
2019-02-15;121.67646789550781
2019-02-19;122.05313873291016
2019-02-20;121.4736328125
2019-02-21;121.98552703857422
2019-02-22;121.7247543334961
2019-02-25;123.66607666015625
2019-02-26;124.64158630371094
2019-02-27;124.27457427978516
2019-02-28;123.87857818603516
2019-03-01;127.29763793945312
2019-03-04;126.33181762695312
2019-03-05;127.25900268554688
2019-03-06;125.66537475585938
2019-03-07;123.93653106689453
2019-03-08;124.4773941040039
2019-03-11;126.29317474365234
2019-03-12;125.7426528930664
2019-03-13;125.60743713378906
2019-03-14;126.70848083496094
2019-03-15;127.27833557128906
2019-03-18;127.76124572753906
2019-03-19;127.11412811279297
2019-03-20;127.2493667602539
2019-03-21;127.86750030517578
2019-03-22;124.2552490234375
2019-03-25;126.640869140625
2019-03-26;128.4180450439453
2019-03-27;128.24417114257812
2019-03-28;128.5049591064453
2019-03-29;129.22933959960938
2019-04-01;130.43663024902344
2019-04-02;131.3251953125
2019-04-03;131.52801513671875
2019-04-04;131.80813598632812
2019-04-05;132.26206970214844
2019-04-08;132.44558715820312
2019-04-09;131.77915954589844
2019-04-10;131.8467559814453
2019-04-11;132.57113647460938
2019-04-12;133.8363800048828
2019-04-15;132.34898376464844
2019-04-16;133.37277221679688
2019-04-17;132.9864501953125
2019-04-18;135.130615234375
2019-04-22;134.8794708251953
2019-04-23;135.3362579345703
2019-04-24;132.92091369628906
2019-04-25;132.02490234375
2019-04-26;131.86907958984375
2019-04-29;131.98597717285156
2019-04-30;132.48265075683594
2019-05-01;131.08995056152344
2019-05-02;131.216552734375
2019-05-03;130.64195251464844
2019-05-06;128.879150390625
2019-05-07;134.10910034179688
2019-05-08;137.36199951171875
2019-05-09;137.4788818359375
2019-05-10;137.6444549560547
2019-05-13;135.06356811523438
2019-05-14;137.26461791992188
2019-05-15;139.8942108154297
2019-05-16;139.91368103027344
2019-05-17;138.6670684814453
2019-05-20;137.8489532470703
2019-05-21;140.10845947265625
2019-05-22;139.144287109375
2019-05-23;138.6183624267578
2019-05-24;140.52723693847656
2019-05-28;140.7512664794922
2019-05-29;139.33908081054688
2019-05-30;139.27090454101562
2019-05-31;139.29039001464844
2019-06-03;138.2677459716797
2019-06-04;139.30982971191406
2019-06-05;141.0823974609375
2019-06-06;144.6079864501953
2019-06-07;146.41949462890625
2019-06-10;149.82821655273438
2019-06-11;150.68527221679688
2019-06-12;150.59762573242188
2019-06-13;150.03274536132812
2019-06-14;148.87376403808594
2019-06-17;150.12039184570312
2019-06-18;154.0842742919922
2019-06-19;153.71417236328125
2019-06-20;156.95733642578125
2019-06-21;157.97994995117188
2019-06-24;157.97994995117188
2019-06-25;155.57437133789062
2019-06-26;155.3406219482422
2019-06-27;156.6651611328125
2019-06-28;157.21054077148438
2019-07-01;158.93438720703125
2019-07-02;160.81405639648438
2019-07-03;163.14173889160156
2019-07-05;161.29127502441406
2019-07-08;161.5250244140625
2019-07-09;161.3205108642578
2019-07-10;162.64505004882812
2019-07-11;162.0898895263672
2019-07-12;162.1678009033203
2019-07-15;164.0767059326172
2019-07-16;164.7097625732422
2019-07-17;164.34939575195312
2019-07-18;164.3007049560547
2019-07-19;162.15806579589844
2019-07-22;162.742431640625
2019-07-23;164.0377197265625
2019-07-24;163.14173889160156
2019-07-25;161.93408203125
2019-07-26;161.5250244140625
2019-07-29;160.3855438232422
2019-07-30;155.96392822265625
2019-07-31;156.87942504882812
2019-08-01;158.7493438720703
2019-08-02;155.32115173339844
2019-08-05;152.69154357910156
2019-08-06;152.50650024414062
2019-08-07;153.98687744140625
2019-08-08;155.9249725341797
2019-08-09;154.72705078125
2019-08-12;153.88946533203125
2019-08-13;156.62620544433594
2019-08-14;151.83448791503906
2019-08-15;151.26962280273438
2019-08-16;151.76632690429688
2019-08-19;152.10719299316406
2019-08-20;150.9871826171875
2019-08-21;152.40911865234375
2019-08-22;151.06509399414062
2019-08-23;149.2244110107422
2019-08-26;152.51625061035156
2019-08-27;156.20741271972656
2019-08-28;153.5388641357422
2019-08-29;154.093994140625
2019-08-30;153.63624572753906
2019-09-03;153.88946533203125
2019-09-04;155.81784057617188
2019-09-05;157.65855407714844
2019-09-06;158.85647583007812
2019-09-09;156.54827880859375
2019-09-10;147.10122680664062
2019-09-11;147.5979461669922
2019-09-12;150.41258239746094
2019-09-13;148.62057495117188
2019-09-16;147.02333068847656
2019-09-17;149.94509887695312
2019-09-18;150.74371337890625
2019-09-19;149.61395263671875
2019-09-20;148.11412048339844
2019-09-23;148.7861328125
2019-09-24;146.7311553955078
2019-09-25;146.42921447753906
2019-09-26;147.52976989746094
2019-09-27;148.15304565429688
2019-09-30;150.07168579101562
2019-10-01;147.9972381591797
2019-10-02;143.06918334960938
2019-10-03;145.54296875
2019-10-04;145.6598358154297
2019-10-07;145.88381958007812
2019-10-08;143.6925048828125
2019-10-09;145.4066162109375
2019-10-10;146.23443603515625
2019-10-11;149.32179260253906
2019-10-14;150.73397827148438
2019-10-15;152.02928161621094
2019-10-16;155.70095825195312
2019-10-17;153.49990844726562
2019-10-18;151.7858123779297
2019-10-21;151.9805908203125
2019-10-22;149.8866424560547
2019-10-23;148.00697326660156
2019-10-24;150.9871826171875
2019-10-25;152.01954650878906
2019-10-28;153.3440704345703
2019-10-29;153.6654510498047
2019-10-30;154.01608276367188
2019-10-31;155.94444274902344
2019-11-01;157.17160034179688
2019-11-04;165.55706787109375
2019-11-05;161.28155517578125
2019-11-06;161.125732421875
2019-11-07;160.65823364257812
2019-11-08;160.59979248046875
2019-11-11;160.1128387451172
2019-11-12;160.71669006347656
2019-11-13;159.5869140625
2019-11-14;161.15493774414062
2019-11-15;162.64505004882812
2019-11-18;161.03807067871094
2019-11-19;159.9375457763672
2019-11-20;160.12258911132812
2019-11-21;161.0964813232422
2019-11-22;160.940673828125
2019-11-25;163.287841796875
2019-11-26;165.6057586669922
2019-11-27;166.42385864257812
2019-11-29;163.88192749023438
2019-12-02;160.8043212890625
2019-12-03;163.638427734375
2019-12-04;163.24887084960938
2019-12-05;162.58660888671875
2019-12-06;161.836669921875
2019-12-09;159.41160583496094
2019-12-10;160.54135131835938
2019-12-11;160.9211883544922
2019-12-12;161.8853759765625
2019-12-13;159.65509033203125
2019-12-16;160.940673828125
2019-12-17;163.06382751464844
2019-12-18;163.16119384765625
2019-12-19;162.1775665283203
2019-12-20;162.65475463867188
2019-12-23;164.19357299804688
2019-12-24;163.62869262695312
2019-12-26;163.68714904785156
2019-12-27;164.32017517089844
2019-12-30;160.9893798828125
2019-12-31;161.22311401367188
2020-01-02;164.1156768798828
2020-01-03;162.38206481933594
2020-01-06;161.5250244140625
2020-01-07;160.9114532470703
2020-01-08;164.14486694335938
2020-01-09;165.47915649414062
2020-01-10;166.84263610839844
2020-01-13;169.74490356445312
2020-01-14;167.07638549804688
2020-01-15;168.0795135498047
2020-01-16;168.8878936767578
2020-01-17;169.404052734375
2020-01-21;169.60858154296875
2020-01-22;168.60543823242188
2020-01-23;167.76785278320312
2020-01-24;167.98214721679688
2020-01-27;163.6676483154297
2020-01-28;166.78421020507812
2020-01-29;168.147705078125
2020-01-30;167.98214721679688
2020-01-31;164.41758728027344
2020-02-03;165.81028747558594
2020-02-04;164.1351318359375
2020-02-05;163.50209045410156
2020-02-06;164.3981170654297
2020-02-07;162.41128540039062
2020-02-10;163.18069458007812
2020-02-11;166.69656372070312
2020-02-12;169.25796508789062
2020-02-13;167.81655883789062
2020-02-14;168.74179077148438
2020-02-18;173.03680419921875
2020-02-19;174.53665161132812
2020-02-20;173.2121124267578
2020-02-21;168.39117431640625
2020-02-24;158.7396240234375
2020-02-25;157.29820251464844
2020-02-26;155.73016357421875
2020-02-27;152.01954650878906
2020-02-28;153.63624572753906
2020-03-02;157.0060272216797
2020-03-03;152.64285278320312
2020-03-04;156.1976776123047
2020-03-05;150.16908264160156
2020-03-06;148.2115020751953
2020-03-09;134.13832092285156
2020-03-10;142.5238037109375
2020-03-11;139.30982971191406
2020-03-12;126.60017395019531
2020-03-13;138.56967163085938
2020-03-16;125.94764709472656
2020-03-17;133.04754638671875
2020-03-18;130.55429077148438
2020-03-19;133.13519287109375
2020-03-20;135.92059326171875
2020-03-23;126.12294006347656
2020-03-24;141.17005920410156
2020-03-25;150.04248046875
2020-03-26;153.08111572265625
2020-03-27;146.11758422851562
2020-03-30;150.2664794921875
2020-03-31;148.59132385253906
2020-04-01;144.57876586914062
2020-04-02;138.15089416503906
2020-04-03;131.31393432617188
2020-04-06;143.17633056640625
2020-04-07;142.66014099121094
2020-04-08;149.9937744140625
2020-04-09;152.9447784423828
2020-04-13;149.41917419433594
2020-04-14;151.69813537597656
2020-04-15;146.67271423339844
2020-04-16;150.27622985839844
2020-04-17;157.1326446533203
2020-04-20;154.0893096923828
2020-04-21;150.30111694335938
2020-04-22;155.08053588867188
2020-04-23;154.09915161132812
2020-04-24;153.4416046142578
2020-04-27;155.55162048339844
2020-04-28;152.96072387695312
2020-04-29;154.32485961914062
2020-04-30;152.7251739501953
2020-05-01;146.218505859375
2020-05-04;155.5810546875
2020-05-05;153.13735961914062
2020-05-06;152.80368041992188
2020-05-07;154.35430908203125
2020-05-08;156.8961181640625
2020-05-11;157.07276916503906
2020-05-12;153.99118041992188
2020-05-13;151.88116455078125
2020-05-14;151.9302520751953
2020-05-15;154.46224975585938
2020-05-18;159.73236083984375
2020-05-19;155.30625915527344
2020-05-20;155.83621215820312
2020-05-21;155.8067626953125
2020-05-22;157.49476623535156
2020-05-26;159.75198364257812
2020-05-27;160.33102416992188
2020-05-28;163.58924865722656
2020-05-29;165.57168579101562
2020-06-01;166.29791259765625
2020-06-02;168.02516174316406
2020-06-03;172.9125518798828
2020-06-04;170.75347900390625
2020-06-05;167.671875
2020-06-08;169.3893280029297
2020-06-09;171.2637939453125
2020-06-10;172.41201782226562
2020-06-11;162.21530151367188
2020-06-12;164.76693725585938
2020-06-15;166.5432586669922
2020-06-16;166.53346252441406
2020-06-17;166.65121459960938
2020-06-18;165.444091796875
2020-06-19;165.08099365234375
2020-06-22;168.2606964111328
2020-06-23;169.83096313476562
2020-06-24;165.5520477294922
2020-06-25;166.92601013183594
2020-06-26;166.46473693847656
2020-06-29;167.7994384765625
2020-06-30;167.82888793945312
2020-07-01;168.74159240722656
2020-07-02;168.95750427246094
2020-07-06;172.7358856201172
2020-07-07;170.2823944091797
2020-07-08;172.6377410888672
2020-07-09;174.25706481933594
2020-07-10;175.67025756835938
2020-07-13;173.04994201660156
2020-07-14;174.78701782226562
2020-07-15;175.67025756835938
2020-07-16;174.0902099609375
2020-07-17;174.25706481933594
2020-07-20;177.42697143554688
2020-07-21;177.48585510253906
2020-07-22;179.62530517578125
2020-07-23;178.79110717773438
2020-07-24;175.85671997070312
2020-07-27;176.5829620361328
2020-07-28;175.56231689453125
2020-07-29;178.8107452392578
2020-07-30;177.65269470214844
2020-07-31;178.32003784179688
2020-08-03;182.981689453125
2020-08-04;182.05917358398438
2020-08-05;183.2564697265625
2020-08-06;183.1681671142578
2020-08-07;182.490966796875
2020-08-10;180.82260131835938
2020-08-11;182.03955078125
2020-08-12;189.04673767089844
2020-08-13;190.70530700683594
2020-08-14;190.6856689453125
2020-08-17;193.5218963623047
2020-08-18;192.64846801757812
2020-08-19;191.08804321289062
2020-08-20;191.39227294921875
2020-08-21;190.20477294921875
2020-08-24;191.7946319580078
2020-08-25;193.63966369628906
2020-08-26;195.5828399658203
2020-08-27;191.87315368652344
2020-08-28;192.64846801757812
2020-08-31;191.12728881835938
2020-09-01;191.93203735351562
2020-09-02;193.0312042236328
2020-09-03;187.4176025390625
2020-09-04;188.1732940673828
2020-09-08;182.38302612304688
2020-09-09;185.8964385986328
2020-09-10;184.36546325683594
2020-09-11;188.1536407470703
2020-09-14;188.4186248779297
2020-09-15;188.01625061035156
2020-09-16;185.33705139160156
2020-09-17;186.60304260253906
2020-09-18;184.42433166503906
2020-09-21;180.67539978027344
2020-09-22;179.89028930664062
2020-09-23;178.20228576660156
2020-09-24;179.42901611328125
2020-09-25;177.87841796875
2020-09-28;179.8706512451172
2020-09-29;178.95794677734375
2020-09-30;180.6655731201172
2020-10-01;181.16610717773438
2020-10-02;177.50547790527344
2020-10-05;179.23275756835938
2020-10-06;173.20697021484375
2020-10-07;179.9884033203125
2020-10-08;177.94711303710938
2020-10-09;179.4388427734375
2020-10-12;181.46051025390625
2020-10-13;180.7637176513672
2020-10-14;182.3045196533203
2020-10-15;184.21826171875
2020-10-16;188.93878173828125
2020-10-19;185.8473663330078
2020-10-20;188.95838928222656
2020-10-21;186.39694213867188
2020-10-22;186.56378173828125
2020-10-23;186.4362030029297
2020-10-26;181.97084045410156
2020-10-27;181.89231872558594
2020-10-28;173.8252410888672
2020-10-29;175.248291015625
2020-10-30;175.10105895996094
2020-11-02;179.7725067138672
2020-11-03;192.3638458251953
2020-11-04;198.43870544433594
2020-11-05;203.23773193359375
2020-11-06;204.1308135986328
2020-11-09;201.97174072265625
2020-11-10;200.7940673828125
2020-11-11;205.377197265625
2020-11-12;201.65768432617188
2020-11-13;202.84518432617188
2020-11-16;203.8069610595703
2020-11-17;206.43710327148438
2020-11-18;210.0486297607422
2020-11-19;210.18603515625
2020-11-20;205.83843994140625
2020-11-23;206.05435180664062
2020-11-24;206.38803100585938
2020-11-25;208.43914794921875
2020-11-27;208.78265380859375
2020-11-30;207.18295288085938
2020-12-01;210.40194702148438
2020-12-02;210.77488708496094
2020-12-03;211.34410095214844
2020-12-04;206.42727661132812
2020-12-07;206.74134826660156
2020-12-08;210.0192108154297
2020-12-09;210.9515380859375
2020-12-10;209.95050048828125
2020-12-11;210.8926544189453
2020-12-14;212.3745574951172
2020-12-15;216.91842651367188
2020-12-16;218.05685424804688
2020-12-17;219.56820678710938
2020-12-18;221.53099060058594
2020-12-21;220.46127319335938
2020-12-22;223.3073272705078
2020-12-23;221.1482696533203
2020-12-24;221.33473205566406
2020-12-28;224.357421875
2020-12-29;225.36827087402344
2020-12-30;225.41734313964844
2020-12-31;225.25051879882812
2021-01-04;222.7871856689453
2021-01-05;221.87449645996094
2021-01-06;217.6250457763672
2021-01-07;217.96852111816406
2021-01-08;213.9153594970703
2021-01-11;213.90554809570312
2021-01-12;213.90554809570312
2021-01-13;217.56614685058594
2021-01-14;212.13902282714844
2021-01-15;206.1623077392578
2021-01-19;206.515625
2021-01-20;209.6757049560547
2021-01-21;212.11940002441406
2021-01-22;208.1251220703125
2021-01-25;206.25064086914062
2021-01-26;204.6215057373047
2021-01-27;203.39476013183594
2021-01-28;203.12977600097656
2021-01-29;204.3074493408203
2021-02-01;212.95358276367188
2021-02-02;203.92471313476562
2021-02-03;196.2796173095703
2021-02-04;197.5848846435547
2021-02-05;198.90977478027344
2021-02-08;204.7981719970703
2021-02-09;205.2888641357422
2021-02-10;203.296630859375
2021-02-11;201.11790466308594
2021-02-12;201.53012084960938
2021-02-16;198.21298217773438
2021-02-17;196.21092224121094
2021-02-18;195.73985290527344
2021-02-19;194.6014404296875
2021-02-22;193.06063842773438
2021-02-23;193.1489715576172
2021-02-24;192.7564239501953
2021-02-25;191.20579528808594
2021-02-26;193.70835876464844
2021-03-01;194.02239990234375
2021-03-02;192.82510375976562
2021-03-03;187.88868713378906
2021-03-04;184.28692626953125
2021-03-05;185.3861083984375
2021-03-08;185.01318359375
2021-03-09;189.43927001953125
2021-03-10;188.26161193847656
2021-03-11;193.15879821777344
2021-03-12;192.16757202148438
2021-03-15;191.9909210205078
2021-03-16;192.96250915527344
2021-03-17;193.86538696289062
2021-03-18;191.02914428710938
2021-03-19;193.39431762695312
2021-03-22;204.189697265625
2021-03-23;199.04718017578125
2021-03-24;196.6231231689453
2021-03-25;200.15615844726562
2021-03-26;200.4603729248047
2021-03-29;200.62721252441406
2021-03-30;204.88650512695312
2021-03-31;205.3870086669922
2021-04-01;204.17005920410156
2021-04-05;209.5481414794922
2021-04-06;205.29867553710938
2021-04-07;204.9159393310547
2021-04-08;205.279052734375
2021-04-09;205.30850219726562
2021-04-12;208.03677368164062
2021-04-13;206.2898712158203
2021-04-14;203.5615997314453
2021-04-15;207.02593994140625
2021-04-16;208.056396484375
2021-04-19;209.27833557128906
2021-04-20;206.96070861816406
2021-04-21;211.79322814941406
2021-04-22;210.14622497558594
2021-04-23;212.92739868164062
2021-04-26;215.0478057861328
2021-04-27;215.93539428710938
2021-04-28;214.5842742919922
2021-04-29;213.46983337402344
2021-04-30;210.45196533203125
2021-05-03;214.978759765625
2021-05-04;200.18528747558594
2021-05-05;200.45156860351562
2021-05-06;197.35479736328125
2021-05-07;197.73944091796875
2021-05-10;196.8123779296875
2021-05-11;195.155517578125
2021-05-12;192.8773193359375
2021-05-13;194.52432250976562
2021-05-14;195.91490173339844
2021-05-17;198.87359619140625
2021-05-18;200.7770233154297
2021-05-19;199.9584503173828
2021-05-20;205.23480224609375
2021-05-21;208.3217010498047
2021-05-24;209.29808044433594
2021-05-25;210.0771942138672
2021-05-26;209.5939483642578
2021-05-27;207.108642578125
2021-05-28;208.00611877441406
2021-06-01;209.77145385742188
2021-06-02;211.4579315185547
2021-06-03;212.4638671875
2021-06-04;213.89390563964844
2021-06-07;216.34962463378906
2021-06-08;215.8072052001953
2021-06-09;209.25860595703125
2021-06-10;208.7359161376953
2021-06-11;208.4005889892578
2021-06-14;202.45362854003906
2021-06-15;201.68435668945312
2021-06-16;199.9584503173828
2021-06-17;198.1536407470703
2021-06-18;197.3350830078125
2021-06-21;199.3962860107422
2021-06-22;198.7158203125
2021-06-23;197.35479736328125
2021-06-24;200.4811553955078
2021-06-25;201.40821838378906
2021-06-28;202.59170532226562
2021-06-29;204.021728515625
2021-06-30;203.21302795410156
2021-07-01;200.75730895996094
2021-07-02;203.94284057617188
2021-07-06;203.02565002441406
2021-07-07;204.17953491210938
2021-07-08;202.82839965820312
2021-07-09;206.20130920410156
2021-07-12;206.6944122314453
2021-07-13;206.7733154296875
2021-07-14;207.4242401123047
2021-07-15;203.9921417236328
2021-07-16;204.0414581298828
2021-07-19;201.29974365234375
2021-07-20;201.32933044433594
2021-07-21;202.77908325195312
2021-07-22;204.3570556640625
2021-07-23;209.18959045410156
2021-07-26;209.0712432861328
2021-07-27;208.4794921875
2021-07-28;209.3177947998047
2021-07-29;213.26272583007812
2021-07-30;215.2845001220703
2021-08-02;209.22901916503906
2021-08-03;208.39073181152344
2021-08-04;208.82467651367188
2021-08-05;216.39894104003906
2021-08-06;216.4384002685547
2021-08-09;219.06175231933594
2021-08-10;218.15443420410156
2021-08-11;220.955322265625
2021-08-12;220.17620849609375
2021-08-13;222.77000427246094
2021-08-16;222.7601318359375
2021-08-17;216.2312774658203
2021-08-18;215.3436737060547
2021-08-19;210.22512817382812
2021-08-20;211.17190551757812
2021-08-23;214.15032958984375
2021-08-24;212.12855529785156
2021-08-25;214.978759765625
2021-08-26;211.68475341796875
2021-08-27;213.3416290283203
2021-08-30;214.59413146972656
2021-08-31;214.40673828125
2021-09-01;214.47579956054688
2021-09-02;216.49757385253906
2021-09-03;215.76776123046875
2021-09-07;217.49366760253906
2021-09-08;216.32003784179688
2021-09-09;216.5271453857422
2021-09-10;216.08335876464844
2021-09-13;216.27072143554688
2021-09-14;217.74020385742188
2021-09-15;218.43057250976562
2021-09-16;215.84664916992188
2021-09-17;213.41065979003906
2021-09-20;210.2349853515625
2021-09-21;211.75379943847656
2021-09-22;212.86822509765625
2021-09-23;214.13059997558594
2021-09-24;214.46592712402344
2021-09-27;213.56845092773438
2021-09-28;208.4005889892578
2021-09-29;206.49717712402344
2021-09-30;206.24073791503906
2021-10-01;206.30979919433594
2021-10-04;204.3866424560547
2021-10-05;206.82264709472656
2021-10-06;204.7219696044922
2021-10-07;208.31182861328125
2021-10-08;209.9687042236328
2021-10-11;212.1975860595703
2021-10-12;212.6512451171875
2021-10-13;211.10287475585938
2021-10-14;220.2649688720703
2021-10-15;221.33009338378906
2021-10-18;219.33790588378906
2021-10-19;221.59637451171875
2021-10-20;219.96910095214844
2021-10-21;221.51747131347656
2021-10-22;219.9296417236328
2021-10-25;227.82936096191406
2021-10-26;226.83326721191406
2021-10-27;228.25344848632812
2021-10-28;231.8236083984375
2021-10-29;233.904541015625
2021-11-01;236.4391632080078
2021-11-02;245.38427734375
2021-11-03;252.15969848632812
2021-11-04;253.78695678710938
2021-11-05;258.905517578125
2021-11-08;257.1401672363281
2021-11-09;253.13607788085938
2021-11-10;249.4968719482422
2021-11-11;254.54640197753906
2021-11-12;255.00991821289062
2021-11-15;255.2860565185547
2021-11-16;254.33926391601562
2021-11-17;262.61376953125
2021-11-18;262.1403503417969
2021-11-19;267.5744934082031
2021-11-22;271.5095520019531
2021-11-23;263.28436279296875
2021-11-24;264.635498046875
2021-11-26;259.0928955078125
2021-11-29;262.1107482910156
2021-11-30;256.8738708496094
2021-12-01;253.3234405517578
2021-12-02;258.8660583496094
2021-12-03;255.24661254882812
2021-12-06;254.970458984375
2021-12-07;262.2389831542969
2021-12-08;263.39288330078125
2021-12-09;256.6667785644531
2021-12-10;257.7023010253906
2021-12-13;254.8422393798828
2021-12-14;249.8223114013672
2021-12-15;256.88372802734375
2021-12-16;253.0472869873047
2021-12-17;249.03334045410156
2021-12-20;246.1634063720703
2021-12-21;245.59140014648438
2021-12-22;247.24826049804688
2021-12-23;249.97027587890625
2021-12-27;254.58584594726562
2021-12-28;253.9546356201172
2021-12-29;254.25048828125
2021-12-30;253.29385375976562
2021-12-31;255.25645446777344
2022-01-03;255.91722106933594
2022-01-04;265.48370361328125
2022-01-05;259.17181396484375
2022-01-06;257.97845458984375
2022-01-07;253.4812469482422
2022-01-10;250.7198028564453
2022-01-11;250.83815002441406
2022-01-12;254.85211181640625
2022-01-13;247.5540008544922
2022-01-14;242.01136779785156
2022-01-18;233.39169311523438
2022-01-19;235.7882537841797
2022-01-20;233.3424072265625
2022-01-21;229.1114501953125
2022-01-24;228.5295867919922
2022-01-25;223.5392608642578
2022-01-26;223.14476013183594
2022-01-27;218.07553100585938
2022-01-28;223.85484313964844
2022-01-31;227.78005981445312
2022-02-01;232.2476806640625
2022-02-02;235.1274871826172
2022-02-03;226.36973571777344
2022-02-04;226.96148681640625
2022-02-07;222.4149627685547
2022-02-08;223.96331787109375
2022-02-09;230.58096313476562
2022-02-10;221.40899658203125
2022-02-11;215.16615295410156
2022-02-14;215.20559692382812
2022-02-15;221.152587890625
2022-02-16;220.98492431640625
2022-02-17;217.92759704589844
2022-02-18;217.34571838378906
2022-02-22;213.45010375976562
2022-02-23;212.33566284179688
2022-02-24;212.5822296142578
2022-02-25;210.48155212402344
2022-02-28;212.3455352783203
2022-03-01;205.60955810546875
2022-03-02;207.16781616210938
2022-03-03;200.93482971191406
2022-03-04;195.67820739746094
2022-03-07;180.7269287109375
2022-03-08;178.98130798339844
2022-03-09;194.9977264404297
2022-03-10;190.30325317382812
2022-03-11;187.8278045654297
2022-03-14;190.27365112304688
2022-03-15;192.5124053955078
2022-03-16;206.02377319335938
2022-03-17;206.6450958251953
2022-03-18;206.7239990234375
2022-03-21;204.6824951171875
2022-03-22;209.46572875976562
2022-03-23;205.01783752441406
2022-03-24;210.18568420410156
2022-03-25;210.40264892578125
2022-03-28;211.4875030517578
2022-03-29;219.82115173339844
2022-03-30;218.14456176757812
2022-03-31;215.08724975585938
2022-04-01;218.03607177734375
2022-04-04;228.24356079101562
2022-04-05;222.67137145996094
2022-04-06;217.16819763183594
2022-04-07;218.35166931152344
2022-04-08;216.48770141601562
2022-04-11;217.72047424316406
2022-04-12;218.65740966796875
2022-04-13;220.39317321777344
2022-04-14;216.96109008789062
2022-04-18;217.46408081054688
2022-04-19;221.25575256347656
2022-04-20;220.0543975830078
2022-04-21;215.33837890625
2022-04-22;208.9543914794922
2022-04-25;211.84356689453125
2022-04-26;204.31777954101562
2022-04-27;206.40277099609375
2022-04-28;212.50877380371094
2022-04-29;208.2395477294922
2022-05-02;209.0536651611328
2022-05-03;212.69740295410156
2022-05-04;210.2351531982422
2022-05-05;200.61447143554688
2022-05-06;196.44451904296875
2022-05-09;189.19674682617188
2022-05-10;189.34568786621094
2022-05-11;187.1514892578125
2022-05-12;187.6379852294922
2022-05-13;192.5227813720703
2022-05-16;186.26785278320312
2022-05-17;190.99378967285156
2022-05-18;181.859619140625
2022-05-19;187.0919189453125
2022-05-20;188.1244659423828
2022-05-23;188.30319213867188
2022-05-24;189.15704345703125
2022-05-25;189.67330932617188
2022-05-26;195.61053466796875
2022-05-27;200.41590881347656
2022-05-31;193.5751953125
2022-06-01;187.8166961669922
2022-06-02;196.46438598632812
2022-06-03;188.3528289794922
2022-06-06;191.88735961914062
2022-06-07;189.79246520996094
2022-06-08;190.49737548828125
2022-06-09;186.10899353027344
2022-06-10;180.519287109375
2022-06-13;170.28302001953125
2022-06-14;167.5427703857422
2022-06-15;175.60467529296875
2022-06-16;172.81478881835938
2022-06-17;174.77069091796875
2022-06-21;183.110595703125
2022-06-22;182.4354705810547
2022-06-23;184.28216552734375
2022-06-24;190.56687927246094
2022-06-27;185.12608337402344
2022-06-28;183.74603271484375
2022-06-29;183.4779510498047
2022-06-30;182.16738891601562
2022-07-01;186.59548950195312
2022-07-05;188.6208953857422
2022-07-06;188.45211791992188
2022-07-07;191.1923828125
2022-07-08;192.2447967529297
2022-07-11;189.31588745117188
2022-07-12;187.5089111328125
2022-07-13;189.7527313232422
2022-07-14;187.39968872070312
2022-07-15;192.0859375
2022-07-18;193.68441772460938
2022-07-19;197.55650329589844
2022-07-20;194.19076538085938
2022-07-21;200.59461975097656
2022-07-22;198.99612426757812
2022-07-25;200.16769409179688
2022-07-26;194.2503204345703
2022-07-27;199.2939910888672
2022-07-28;206.00563049316406
2022-07-29;209.7188720703125
2022-08-01;211.68472290039062
2022-08-02;209.5302276611328
2022-08-03;214.15689086914062
2022-08-04;214.4547576904297
2022-08-05;210.42379760742188
2022-08-08;212.03221130371094
2022-08-09;208.9643096923828
2022-08-10;213.46189880371094
2022-08-11;213.72998046875
2022-08-12;214.26611328125
2022-08-15;213.1243438720703
2022-08-16;210.64222717285156
2022-08-17;209.86781311035156
2022-08-18;210.8507080078125
2022-08-19;205.558837890625
2022-08-22;199.1251983642578
2022-08-23;200.4556121826172
2022-08-24;202.14346313476562
2022-08-25;205.43971252441406
2022-08-26;196.37501525878906
2022-08-29;197.5664520263672
2022-08-30;194.0319061279297
2022-08-31;193.26742553710938
2022-09-01;192.4632110595703
2022-09-02;189.8123016357422
2022-09-06;188.98825073242188
2022-09-07;193.87306213378906
2022-09-08;192.32421875
2022-09-09;194.39926147460938
2022-09-12;200.52511596679688
2022-09-13;194.1212615966797
2022-09-14;198.19192504882812
2022-09-15;195.23324584960938
2022-09-16;195.4913787841797
2022-09-19;197.02037048339844
2022-09-20;192.6121368408203
2022-09-21;191.10301208496094
2022-09-22;187.7769775390625
2022-09-23;184.91758728027344
2022-09-26;185.09628295898438
2022-09-27;187.8365478515625
2022-09-28;189.86195373535156
2022-09-29;185.08636474609375
2022-09-30;183.67652893066406
2022-10-03;185.36436462402344
2022-10-04;192.39370727539062
2022-10-05;192.1355743408203
2022-10-06;189.51446533203125
2022-10-07;183.67652893066406
2022-10-10;180.8072052001953
2022-10-11;181.83975219726562
2022-10-12;181.1944122314453
2022-10-13;182.13760375976562
2022-10-14;179.33778381347656
2022-10-17;187.24082946777344
2022-10-18;189.65345764160156
2022-10-19;186.2281494140625
2022-10-20;185.32464599609375
2022-10-21;187.0224151611328
2022-10-24;190.35836791992188
2022-10-25;195.1041717529297
2022-10-26;195.76937866210938
2022-10-27;194.8857421875
2022-10-28;197.22886657714844
2022-10-31;195.36231994628906
2022-11-01;195.55096435546875
2022-11-02;190.21937561035156
2022-11-03;191.14273071289062
2022-11-04;197.77493286132812
2022-11-07;198.4600067138672
2022-11-08;202.8384552001953
2022-11-09;200.04855346679688
2022-11-10;211.27764892578125
2022-11-11;215.30859375
2022-11-14;211.23793029785156
2022-11-15;213.8987579345703
2022-11-16;212.40948486328125
2022-11-17;212.02227783203125
2022-11-18;214.7823944091797
2022-11-21;212.58819580078125
2022-11-22;214.8121795654297
2022-11-23;216.0333709716797
2022-11-25;216.57943725585938
2022-11-28;214.4051055908203
2022-11-29;213.68032836914062
2022-11-30;221.45431518554688
2022-12-01;226.44833374023438
2022-12-02;224.9590606689453
2022-12-05;222.07980346679688
2022-12-06;219.51828002929688
2022-12-07;218.5055694580078
2022-12-08;218.7537841796875
2022-12-09;219.1409912109375
2022-12-12;220.9380340576172
2022-12-13;223.87686157226562
2022-12-14;223.56907653808594
2022-12-15;220.8089599609375
2022-12-16;216.54965209960938
2022-12-19;214.58383178710938
2022-12-20;212.55841064453125
2022-12-21;212.36976623535156
2022-12-22;211.0393524169922
2022-12-23;209.5004425048828
2022-12-27;210.48336791992188
2022-12-28;208.74588012695312
2022-12-29;215.04052734375
2022-12-30;212.68748474121094
2023-01-03;213.82925415039062
2023-01-04;218.09849548339844
2023-01-05;214.5341796875
2023-01-06;222.47694396972656
2023-01-09;227.13340759277344
2023-01-10;230.2906494140625
2023-01-11;232.03805541992188
2023-01-12;234.15281677246094
2023-01-13;234.23223876953125
2023-01-17;236.1583709716797
2023-01-18;237.99513244628906
2023-01-19;236.28744506835938
2023-01-20;240.6460418701172
2023-01-23;241.8970184326172
2023-01-24;242.2941436767578
2023-01-25;243.82313537597656
2023-01-26;245.9974822998047
2023-01-27;251.9049072265625
2023-01-30;249.45257568359375
2023-01-31;249.51214599609375
2023-02-01;251.5077667236328
2023-02-02;263.5807800292969
2023-02-03;258.1796875
2023-02-06;259.44061279296875
2023-02-07;265.00054931640625
2023-02-08;264.6530456542969
2023-02-09;264.40484619140625
2023-02-10;257.822265625
2023-02-13;261.55535888671875
2023-02-14;263.7098388671875
2023-02-15;265.3182678222656
2023-02-16;263.9779052734375
2023-02-17;264.97076416015625
2023-02-21;260.919921875
2023-02-22;258.7356872558594
2023-02-23;260.27459716796875
2023-02-24;257.2563171386719
2023-02-27;259.490234375
2023-02-28;258.50732421875
2023-03-01;260.84051513671875
2023-03-02;262.68719482421875
2023-03-03;269.5080871582031
2023-03-06;268.42584228515625
2023-03-07;266.7479553222656
2023-03-08;267.7308654785156
2023-03-09;262.7864990234375
2023-03-10;259.3611755371094
2023-03-13;258.1995544433594
2023-03-14;261.01922607421875
2023-03-15;254.45652770996094
2023-03-16;262.4687805175781
2023-03-17;257.345703125
2023-03-20;260.60223388671875
2023-03-21;264.73248291015625
2023-03-22;263.27301025390625
2023-03-23;264.2161865234375
2023-03-24;263.4715576171875
2023-03-27;264.2658386230469
2023-03-28;264.40484619140625
2023-03-29;266.946533203125
2023-03-30;266.9762878417969
2023-03-31;269.001708984375
2023-04-03;269.001708984375
2023-04-04;268.8924865722656
2023-04-05;268.614501953125
2023-04-06;269.99456787109375
2023-04-10;271.03704833984375
2023-04-11;272.25823974609375
2023-04-12;274.6510009765625
2023-04-13;280.9158630371094
2023-04-14;283.4873352050781
2023-04-17;279.02947998046875
2023-04-18;278.5926208496094
2023-04-19;276.63671875
2023-04-20;274.0255126953125
2023-04-21;276.0409851074219
2023-04-24;280.19000244140625
2023-04-25;277.2099914550781
2023-04-26;275.4100036621094
2023-04-27;278.239990234375
2023-04-28;278.6400146484375
2023-05-01;279.1400146484375
2023-05-02;275.7799987792969
2023-05-03;277.6400146484375
2023-05-04;291.7900085449219
2023-05-05;296.80999755859375
